title,product_id,variant_id,product_collection
3 MONTHS,23729012754,177939546130,Berry Crush - 5 Items
3 Months - 5 Items,2209789771834,22212763320378,Berry Crush - 5 Items
3 Months - 3 Items,2209786298426,22212749393978,Berry Crush - 3 Items
3 Months - 5 Items  Auto renew,2243359604794,22411948654650,Berry Crush - 5 Items
3 Months - 3 Items (ships every 1 Months),2209786298426,22212749393978,Berry Crush - 3 Items
3 Months - 3 Items,2209786298426,22212749393978,Berry Crush - 3 Items
3 Months - 3 Items  Auto renew,2243360030778,22411949867066,Berry Crush - 3 Items
3 Months - 2 Items,2506238492730,23656253784122,Berry Crush - 2 Items
3 Months - 3 Items (Ships every 1 Month),2209786298426,22212749393978,Berry Crush - 3 Items
Velvet Crush - 5 Items,2525978525754,23757983285306,Berry Crush - 5 Items